{
    
    "TaskName": "Body Motor",
    "Modality": "MR",
    "MagneticFieldStrength": 7,
	"Manufacturer": "Philips",
	"RepetitionTime": 2.1,
    "Slices": 41,
    "SliceTiming": [
    0.0,
    1.07561,
    0.0512195,
    1.12683,
    0.102439,
    1.17805,
    0.153659,
    1.22927,
    0.204878,
    1.28049,
    0.256098,
    1.33171,
    0.307317,
    1.38293,
    0.358537,
    1.43415,
    0.409756,
    1.48537,
    0.460976,
    1.53659,
    0.512195,
    1.58780,
    0.563415,
    1.63902,
    0.614634,
    1.69024,
    0.665854,
    1.74146,
    0.717073,
    1.79268,
    0.768293,
    1.84390,
    0.819512,
    1.89512,
    0.870732,
    1.94634,
    0.921951,
    1.99756,
    0.973171,
    2.04878,
    1.02439
	], 
    "SliceThickness": 1.75, 
    "TR": 2.1,
    "EchoTime": 0.027,
    "FlipAngle": 70,
    "MultisliceMode": "interleaved",
    "Conditions": [
    "Toes",
    "Ankle",
    "Knee",
    "Abdomen",
    "Shoulder",
    "Elbow",
    "Wrist",
    "Little finger",
    "Ring finger",
    "Middle finger",
    "Index finger",
    "Thumb",
    "Forehead",
    "Eyelid",
    "Nostrils",
    "Lip",
    "Jaw",
    "Tongue"
    ]
}
